<?xml version="1.0" encoding="UTF-8"?>
<!-- generated for COMP335@MQ, S1, 2019 -->
<!-- generated by: Y. C. Lee -->
<config randomSeed="3000"> 
  <!-- define server types 
  Min memory per core is 200MB and the total memory capacity should be the min of 1000MB so as min disk per core -->
  
  <servers>
	<server type="tiny" limit="20" bootupTime="60" hourlyRate="0.1" coreCount="1" memory="1000" disk="4000" />
	<server type="small" limit="20" bootupTime="60" hourlyRate="0.2" coreCount="2" memory="4000" disk="16000" />
	<server type="medium" limit="20" bootupTime="60" hourlyRate="0.4" coreCount="4" memory="16000" disk="64000" />
	<server type="large" limit="20" bootupTime="60" hourlyRate="0.8" coreCount="8" memory="32000" disk="256000" />
	<server type="xlarge" limit="20" bootupTime="60" hourlyRate="1.6" coreCount="16" memory="64000" disk="512000" />
  </servers>
  <!-- define job types -->
  <!-- the sum of ratio values must be 100 (100%) -->
  <!-- minRunTime and maxRunTime must be 1 or greater bounded by INT_MAX -->
  <jobs>
	<job type="instant" minRunTime="1" maxRunTime="30" populationRate="10" />
	<job type="short" minRunTime="11" maxRunTime="180" populationRate="20" />
	<job type="medium" minRunTime="301" maxRunTime="900" populationRate="30" />
	<job type="long" minRunTime="1801" maxRunTime="43200" populationRate="30" />
	<job type="perminent" minRunTime="3601" maxRunTime="1000000" populationRate="10" />
  </jobs>
  <!-- define system load -->
  <!-- attributes: type: workload pattern, minLoad: min load, maxLoad: max load, 
  avgLowTime & avgHighTime: average lightly/heavily loaded period, 
  avgTransitTime: average transition time between low and high (in seconds) -->
  <!-- some other typical cases: moderate (31-60%), heavy (61-90%), overloaded (91%-) and alternating (peaks and valleys) -->
  <!-- alternating load example: type="alternating" minLoad="10" maxLoad="90" avgLowTime="14400" avgTransitTime="10800" avgHighTime="10800" -->
  <!-- transition time will be internally divided into at least three time periods 
  (bounded by 1 hour per divided period) for smooth, realistic transition 
  each load time period must be between one hour and twelve hours (i.e., 3600 - 43200 seconds) -->
  <workload type="light" minLoad="10" maxLoad="30" />
  <termination>
	<!-- simulation terminates whichever condition meets first -->
	<!-- 60 seconds * 60 minutes * 24 hours * 3 days = 129600 seconds -->
	<condition type="endtime" value="129600" />
	<condition type="jobcount" value="1000" />
  </termination>
</config>
