<?xml version="1.0" encoding="UTF-8"?>
<!-- job list for ds-sim@MQ, 6-Mar, 2020 @ MQ -->
<jobs>
	<type name="instant" minRunTime="1" maxRunTime="10" populationRate="40" />
	<type name="short" minRunTime="11" maxRunTime="300" populationRate="30" />
	<type name="medium" minRunTime="301" maxRunTime="1800" populationRate="20" />
	<type name="long" minRunTime="1801" maxRunTime="100000" populationRate="10" />
	<job id="0" type="medium" submitTime="24" estRunTime="1566" cores="1" memory="200" disk="1200" />
	<job id="1" type="short" submitTime="77" estRunTime="83" cores="1" memory="600" disk="700" />
	<job id="2" type="instant" submitTime="80" estRunTime="5" cores="3" memory="1900" disk="2400" />
	<job id="3" type="medium" submitTime="84" estRunTime="832" cores="2" memory="2100" disk="1300" />
	<job id="4" type="medium" submitTime="124" estRunTime="2318" cores="4" memory="4300" disk="2300" />
	<job id="5" type="instant" submitTime="148" estRunTime="6" cores="4" memory="4100" disk="6500" />
	<job id="6" type="short" submitTime="161" estRunTime="76" cores="6" memory="5800" disk="11500" />
	<job id="7" type="medium" submitTime="186" estRunTime="25" cores="1" memory="400" disk="200" />
	<job id="8" type="medium" submitTime="189" estRunTime="169" cores="1" memory="1000" disk="1400" />
	<job id="9" type="short" submitTime="191" estRunTime="144" cores="8" memory="5700" disk="7600" />
	<job id="10" type="medium" submitTime="193" estRunTime="606" cores="2" memory="1000" disk="1800" />
	<job id="11" type="instant" submitTime="200" estRunTime="7" cores="1" memory="300" disk="1200" />
	<job id="12" type="instant" submitTime="212" estRunTime="1" cores="1" memory="300" disk="1600" />
	<job id="13" type="medium" submitTime="251" estRunTime="1042" cores="2" memory="800" disk="3300" />
	<job id="14" type="long" submitTime="294" estRunTime="222" cores="1" memory="800" disk="1400" />
	<job id="15" type="instant" submitTime="343" estRunTime="7" cores="1" memory="900" disk="2000" />
	<job id="16" type="short" submitTime="353" estRunTime="446" cores="6" memory="6100" disk="10700" />
	<job id="17" type="medium" submitTime="377" estRunTime="1922" cores="3" memory="800" disk="5000" />
	<job id="18" type="short" submitTime="388" estRunTime="132" cores="1" memory="300" disk="900" />
	<job id="19" type="short" submitTime="404" estRunTime="65" cores="1" memory="800" disk="1800" />
	<job id="20" type="instant" submitTime="421" estRunTime="15" cores="1" memory="1000" disk="1700" />
	<job id="21" type="short" submitTime="460" estRunTime="99" cores="1" memory="600" disk="2000" />
	<job id="22" type="short" submitTime="478" estRunTime="211" cores="1" memory="600" disk="100" />
	<job id="23" type="instant" submitTime="486" estRunTime="11" cores="1" memory="900" disk="200" />
	<job id="24" type="instant" submitTime="544" estRunTime="2" cores="1" memory="1000" disk="200" />
	<job id="25" type="medium" submitTime="597" estRunTime="1088" cores="2" memory="300" disk="1800" />
	<job id="26" type="short" submitTime="634" estRunTime="210" cores="2" memory="1900" disk="1500" />
	<job id="27" type="short" submitTime="648" estRunTime="147" cores="1" memory="600" disk="1900" />
	<job id="28" type="medium" submitTime="737" estRunTime="623" cores="1" memory="300" disk="800" />
	<job id="29" type="instant" submitTime="767" estRunTime="1" cores="1" memory="1000" disk="1300" />
	<job id="30" type="instant" submitTime="768" estRunTime="2" cores="1" memory="300" disk="900" />
	<job id="31" type="instant" submitTime="794" estRunTime="9" cores="1" memory="300" disk="100" />
	<job id="32" type="instant" submitTime="829" estRunTime="3" cores="1" memory="1000" disk="400" />
	<job id="33" type="instant" submitTime="943" estRunTime="5" cores="8" memory="2800" disk="9600" />
	<job id="34" type="short" submitTime="1014" estRunTime="114" cores="4" memory="4000" disk="1200" />
	<job id="35" type="instant" submitTime="1075" estRunTime="2" cores="1" memory="700" disk="1900" />
	<job id="36" type="short" submitTime="1087" estRunTime="69" cores="1" memory="600" disk="1100" />
	<job id="37" type="instant" submitTime="1133" estRunTime="1" cores="1" memory="500" disk="1300" />
	<job id="38" type="instant" submitTime="1234" estRunTime="13" cores="1" memory="800" disk="1400" />
	<job id="39" type="medium" submitTime="1310" estRunTime="1019" cores="4" memory="3400" disk="900" />
	<job id="40" type="instant" submitTime="1324" estRunTime="2" cores="1" memory="900" disk="1800" />
	<job id="41" type="medium" submitTime="1337" estRunTime="767" cores="1" memory="500" disk="2000" />
	<job id="42" type="short" submitTime="1461" estRunTime="64" cores="5" memory="800" disk="3800" />
	<job id="43" type="instant" submitTime="1536" estRunTime="13" cores="1" memory="100" disk="800" />
	<job id="44" type="instant" submitTime="1653" estRunTime="6" cores="3" memory="900" disk="4200" />
	<job id="45" type="instant" submitTime="1684" estRunTime="10" cores="5" memory="2500" disk="6600" />
	<job id="46" type="instant" submitTime="1775" estRunTime="1" cores="4" memory="2700" disk="2400" />
	<job id="47" type="short" submitTime="1785" estRunTime="181" cores="4" memory="3000" disk="1900" />
	<job id="48" type="long" submitTime="1866" estRunTime="33264" cores="6" memory="1900" disk="3000" />
	<job id="49" type="instant" submitTime="1955" estRunTime="2" cores="3" memory="2500" disk="1500" />
	<job id="50" type="instant" submitTime="1998" estRunTime="1" cores="4" memory="2200" disk="3700" />
	<job id="51" type="long" submitTime="2003" estRunTime="56860" cores="7" memory="3100" disk="8000" />
	<job id="52" type="medium" submitTime="2011" estRunTime="1234" cores="2" memory="600" disk="2900" />
	<job id="53" type="medium" submitTime="2085" estRunTime="2523" cores="4" memory="1500" disk="1200" />
	<job id="54" type="short" submitTime="2155" estRunTime="279" cores="1" memory="1000" disk="200" />
	<job id="55" type="instant" submitTime="2224" estRunTime="9" cores="1" memory="500" disk="1800" />
	<job id="56" type="short" submitTime="2314" estRunTime="432" cores="7" memory="1400" disk="11900" />
	<job id="57" type="long" submitTime="2381" estRunTime="33715" cores="8" memory="1600" disk="2500" />
	<job id="58" type="instant" submitTime="2421" estRunTime="1" cores="1" memory="200" disk="1400" />
	<job id="59" type="short" submitTime="2505" estRunTime="88" cores="1" memory="300" disk="1400" />
	<job id="60" type="long" submitTime="2556" estRunTime="66874" cores="6" memory="5400" disk="12500" />
	<job id="61" type="long" submitTime="2609" estRunTime="98660" cores="8" memory="7800" disk="5500" />
	<job id="62" type="instant" submitTime="2635" estRunTime="6" cores="1" memory="300" disk="400" />
	<job id="63" type="medium" submitTime="2707" estRunTime="644" cores="2" memory="1500" disk="3500" />
	<job id="64" type="instant" submitTime="2817" estRunTime="2" cores="1" memory="100" disk="1200" />
	<job id="65" type="short" submitTime="2823" estRunTime="222" cores="2" memory="1400" disk="3400" />
	<job id="66" type="short" submitTime="2953" estRunTime="9" cores="1" memory="600" disk="600" />
	<job id="67" type="instant" submitTime="2962" estRunTime="17" cores="1" memory="400" disk="2000" />
	<job id="68" type="instant" submitTime="3007" estRunTime="1" cores="1" memory="700" disk="1500" />
	<job id="69" type="instant" submitTime="3100" estRunTime="4" cores="1" memory="600" disk="1900" />
	<job id="70" type="instant" submitTime="3191" estRunTime="2" cores="1" memory="700" disk="500" />
	<job id="71" type="medium" submitTime="3208" estRunTime="243" cores="1" memory="900" disk="500" />
	<job id="72" type="instant" submitTime="3326" estRunTime="4" cores="2" memory="1300" disk="1700" />
	<job id="73" type="short" submitTime="3419" estRunTime="229" cores="1" memory="700" disk="500" />
	<job id="74" type="short" submitTime="3570" estRunTime="201" cores="2" memory="1700" disk="500" />
	<job id="75" type="medium" submitTime="3633" estRunTime="2590" cores="3" memory="700" disk="800" />
	<job id="76" type="medium" submitTime="3781" estRunTime="2115" cores="5" memory="2500" disk="3000" />
	<job id="77" type="short" submitTime="3824" estRunTime="72" cores="2" memory="1000" disk="1100" />
	<job id="78" type="instant" submitTime="3841" estRunTime="4" cores="1" memory="700" disk="700" />
	<job id="79" type="medium" submitTime="4013" estRunTime="485" cores="2" memory="1300" disk="3700" />
	<job id="80" type="short" submitTime="4137" estRunTime="190" cores="2" memory="300" disk="2600" />
	<job id="81" type="instant" submitTime="4181" estRunTime="1" cores="1" memory="700" disk="400" />
	<job id="82" type="long" submitTime="4372" estRunTime="64000" cores="8" memory="4900" disk="6800" />
	<job id="83" type="long" submitTime="4587" estRunTime="35977" cores="8" memory="5200" disk="15800" />
	<job id="84" type="instant" submitTime="4694" estRunTime="1" cores="1" memory="800" disk="1200" />
	<job id="85" type="medium" submitTime="4896" estRunTime="1181" cores="4" memory="4300" disk="2300" />
	<job id="86" type="medium" submitTime="5016" estRunTime="676" cores="1" memory="1000" disk="1100" />
	<job id="87" type="medium" submitTime="5174" estRunTime="134" cores="1" memory="400" disk="1000" />
	<job id="88" type="short" submitTime="5205" estRunTime="253" cores="1" memory="100" disk="1100" />
	<job id="89" type="long" submitTime="5430" estRunTime="142125" cores="8" memory="4600" disk="12800" />
	<job id="90" type="medium" submitTime="5545" estRunTime="2170" cores="4" memory="3400" disk="600" />
	<job id="91" type="instant" submitTime="5617" estRunTime="1" cores="1" memory="200" disk="900" />
	<job id="92" type="short" submitTime="5775" estRunTime="127" cores="1" memory="600" disk="1300" />
	<job id="93" type="short" submitTime="5970" estRunTime="85" cores="1" memory="900" disk="1200" />
	<job id="94" type="instant" submitTime="6112" estRunTime="1" cores="1" memory="400" disk="200" />
	<job id="95" type="short" submitTime="6127" estRunTime="23" cores="1" memory="900" disk="500" />
	<job id="96" type="instant" submitTime="6190" estRunTime="7" cores="1" memory="300" disk="1000" />
	<job id="97" type="instant" submitTime="6330" estRunTime="3" cores="1" memory="800" disk="800" />
	<job id="98" type="short" submitTime="6399" estRunTime="173" cores="2" memory="700" disk="3400" />
	<job id="99" type="medium" submitTime="6581" estRunTime="3191" cores="4" memory="2100" disk="3100" />
	<job id="100" type="instant" submitTime="6633" estRunTime="12" cores="1" memory="1000" disk="600" />
	<job id="101" type="medium" submitTime="6741" estRunTime="989" cores="1" memory="1000" disk="1700" />
	<job id="102" type="short" submitTime="6807" estRunTime="305" cores="1" memory="400" disk="1400" />
	<job id="103" type="short" submitTime="6872" estRunTime="258" cores="2" memory="800" disk="2600" />
	<job id="104" type="instant" submitTime="7180" estRunTime="2" cores="2" memory="1400" disk="1000" />
	<job id="105" type="long" submitTime="7442" estRunTime="3295" cores="5" memory="3800" disk="8200" />
	<job id="106" type="instant" submitTime="7765" estRunTime="4" cores="1" memory="800" disk="1100" />
	<job id="107" type="instant" submitTime="7830" estRunTime="2" cores="2" memory="500" disk="3600" />
	<job id="108" type="instant" submitTime="7942" estRunTime="13" cores="1" memory="900" disk="600" />
	<job id="109" type="instant" submitTime="8190" estRunTime="4" cores="1" memory="600" disk="1500" />
	<job id="110" type="long" submitTime="8308" estRunTime="92811" cores="1" memory="800" disk="700" />
	<job id="111" type="instant" submitTime="8583" estRunTime="1" cores="2" memory="400" disk="400" />
	<job id="112" type="medium" submitTime="8610" estRunTime="759" cores="1" memory="300" disk="1800" />
	<job id="113" type="short" submitTime="8724" estRunTime="175" cores="1" memory="100" disk="1000" />
	<job id="114" type="medium" submitTime="8890" estRunTime="453" cores="1" memory="600" disk="100" />
	<job id="115" type="short" submitTime="9258" estRunTime="58" cores="1" memory="400" disk="1200" />
	<job id="116" type="short" submitTime="9281" estRunTime="155" cores="2" memory="500" disk="1700" />
	<job id="117" type="short" submitTime="9485" estRunTime="423" cores="1" memory="700" disk="1700" />
	<job id="118" type="instant" submitTime="9798" estRunTime="14" cores="1" memory="200" disk="1100" />
	<job id="119" type="instant" submitTime="10093" estRunTime="9" cores="2" memory="900" disk="2100" />
	<job id="120" type="instant" submitTime="10292" estRunTime="1" cores="1" memory="500" disk="800" />
	<job id="121" type="short" submitTime="10348" estRunTime="12" cores="2" memory="300" disk="1200" />
	<job id="122" type="medium" submitTime="10633" estRunTime="881" cores="5" memory="4700" disk="8600" />
	<job id="123" type="short" submitTime="11031" estRunTime="209" cores="1" memory="700" disk="900" />
	<job id="124" type="instant" submitTime="11322" estRunTime="3" cores="1" memory="400" disk="1200" />
	<job id="125" type="medium" submitTime="11513" estRunTime="204" cores="1" memory="500" disk="2000" />
	<job id="126" type="short" submitTime="11917" estRunTime="3" cores="1" memory="100" disk="600" />
	<job id="127" type="instant" submitTime="11995" estRunTime="14" cores="1" memory="1000" disk="1200" />
	<job id="128" type="short" submitTime="12009" estRunTime="430" cores="1" memory="700" disk="700" />
	<job id="129" type="instant" submitTime="12162" estRunTime="10" cores="1" memory="400" disk="1600" />
	<job id="130" type="instant" submitTime="12435" estRunTime="3" cores="1" memory="900" disk="800" />
	<job id="131" type="medium" submitTime="12730" estRunTime="450" cores="1" memory="200" disk="1700" />
	<job id="132" type="short" submitTime="13028" estRunTime="150" cores="1" memory="500" disk="1300" />
	<job id="133" type="instant" submitTime="13029" estRunTime="1" cores="1" memory="200" disk="800" />
	<job id="134" type="short" submitTime="13302" estRunTime="219" cores="1" memory="200" disk="1600" />
	<job id="135" type="short" submitTime="13694" estRunTime="44" cores="1" memory="600" disk="100" />
	<job id="136" type="instant" submitTime="14076" estRunTime="5" cores="1" memory="700" disk="1300" />
	<job id="137" type="medium" submitTime="14290" estRunTime="705" cores="1" memory="200" disk="2000" />
	<job id="138" type="long" submitTime="14590" estRunTime="138426" cores="8" memory="2000" disk="4900" />
	<job id="139" type="short" submitTime="14887" estRunTime="335" cores="1" memory="100" disk="1100" />
	<job id="140" type="short" submitTime="15085" estRunTime="9" cores="1" memory="1000" disk="700" />
	<job id="141" type="instant" submitTime="15452" estRunTime="1" cores="1" memory="700" disk="1800" />
	<job id="142" type="instant" submitTime="15863" estRunTime="9" cores="1" memory="100" disk="1300" />
	<job id="143" type="medium" submitTime="16132" estRunTime="86" cores="1" memory="800" disk="900" />
	<job id="144" type="instant" submitTime="16247" estRunTime="3" cores="1" memory="800" disk="2000" />
	<job id="145" type="instant" submitTime="16628" estRunTime="1" cores="1" memory="400" disk="1900" />
	<job id="146" type="instant" submitTime="16855" estRunTime="3" cores="2" memory="200" disk="2400" />
	<job id="147" type="instant" submitTime="17276" estRunTime="15" cores="1" memory="300" disk="700" />
	<job id="148" type="instant" submitTime="17286" estRunTime="2" cores="1" memory="900" disk="1500" />
	<job id="149" type="medium" submitTime="17518" estRunTime="1756" cores="2" memory="600" disk="2400" />
	<job id="150" type="instant" submitTime="17854" estRunTime="9" cores="1" memory="300" disk="200" />
	<job id="151" type="instant" submitTime="18298" estRunTime="7" cores="1" memory="400" disk="600" />
	<job id="152" type="instant" submitTime="18468" estRunTime="1" cores="1" memory="900" disk="200" />
	<job id="153" type="long" submitTime="18992" estRunTime="4833" cores="8" memory="3800" disk="900" />
	<job id="154" type="medium" submitTime="19042" estRunTime="2040" cores="7" memory="2800" disk="4600" />
	<job id="155" type="medium" submitTime="19557" estRunTime="1347" cores="2" memory="1500" disk="3100" />
	<job id="156" type="long" submitTime="19633" estRunTime="6996" cores="8" memory="7300" disk="13100" />
	<job id="157" type="medium" submitTime="19838" estRunTime="1656" cores="1" memory="900" disk="500" />
	<job id="158" type="medium" submitTime="20209" estRunTime="1465" cores="3" memory="1000" disk="300" />
	<job id="159" type="short" submitTime="20313" estRunTime="113" cores="2" memory="1700" disk="1500" />
	<job id="160" type="long" submitTime="20847" estRunTime="46070" cores="8" memory="5800" disk="2200" />
	<job id="161" type="short" submitTime="20994" estRunTime="299" cores="1" memory="800" disk="100" />
	<job id="162" type="short" submitTime="21217" estRunTime="268" cores="2" memory="1800" disk="1100" />
	<job id="163" type="short" submitTime="21373" estRunTime="353" cores="1" memory="300" disk="2000" />
	<job id="164" type="instant" submitTime="21943" estRunTime="1" cores="1" memory="800" disk="1200" />
	<job id="165" type="medium" submitTime="22110" estRunTime="1147" cores="4" memory="2900" disk="5900" />
	<job id="166" type="instant" submitTime="22395" estRunTime="13" cores="1" memory="600" disk="1000" />
	<job id="167" type="medium" submitTime="22591" estRunTime="1924" cores="3" memory="2000" disk="4900" />
	<job id="168" type="instant" submitTime="23199" estRunTime="1" cores="2" memory="1200" disk="1200" />
	<job id="169" type="short" submitTime="23568" estRunTime="551" cores="1" memory="500" disk="1800" />
	<job id="170" type="medium" submitTime="23747" estRunTime="770" cores="2" memory="1700" disk="2000" />
	<job id="171" type="medium" submitTime="24359" estRunTime="1" cores="2" memory="700" disk="2700" />
	<job id="172" type="long" submitTime="24816" estRunTime="145625" cores="8" memory="1800" disk="9500" />
	<job id="173" type="short" submitTime="24943" estRunTime="97" cores="2" memory="300" disk="400" />
	<job id="174" type="instant" submitTime="25015" estRunTime="3" cores="1" memory="500" disk="400" />
	<job id="175" type="instant" submitTime="25427" estRunTime="11" cores="1" memory="1000" disk="400" />
	<job id="176" type="medium" submitTime="25968" estRunTime="399" cores="1" memory="700" disk="1500" />
	<job id="177" type="short" submitTime="26206" estRunTime="15" cores="2" memory="1900" disk="2700" />
	<job id="178" type="instant" submitTime="26536" estRunTime="3" cores="1" memory="500" disk="1600" />
	<job id="179" type="instant" submitTime="26990" estRunTime="8" cores="1" memory="400" disk="1500" />
	<job id="180" type="instant" submitTime="27641" estRunTime="7" cores="2" memory="1600" disk="3100" />
	<job id="181" type="short" submitTime="27794" estRunTime="38" cores="1" memory="1000" disk="1100" />
	<job id="182" type="instant" submitTime="28165" estRunTime="1" cores="1" memory="800" disk="1300" />
	<job id="183" type="instant" submitTime="28822" estRunTime="3" cores="2" memory="1900" disk="2200" />
	<job id="184" type="long" submitTime="29248" estRunTime="33409" cores="5" memory="3600" disk="5100" />
	<job id="185" type="long" submitTime="29705" estRunTime="37104" cores="1" memory="600" disk="1100" />
	<job id="186" type="medium" submitTime="29879" estRunTime="73" cores="1" memory="900" disk="100" />
	<job id="187" type="medium" submitTime="30528" estRunTime="466" cores="1" memory="900" disk="1300" />
	<job id="188" type="instant" submitTime="30802" estRunTime="10" cores="1" memory="600" disk="1400" />
	<job id="189" type="short" submitTime="31451" estRunTime="139" cores="1" memory="600" disk="1100" />
	<job id="190" type="medium" submitTime="32178" estRunTime="1794" cores="7" memory="4900" disk="10300" />
	<job id="191" type="medium" submitTime="32554" estRunTime="1311" cores="1" memory="600" disk="1000" />
	<job id="192" type="short" submitTime="32737" estRunTime="41" cores="1" memory="200" disk="800" />
	<job id="193" type="instant" submitTime="33277" estRunTime="9" cores="1" memory="200" disk="1200" />
	<job id="194" type="instant" submitTime="33924" estRunTime="5" cores="2" memory="300" disk="700" />
	<job id="195" type="short" submitTime="34047" estRunTime="488" cores="1" memory="200" disk="1900" />
	<job id="196" type="medium" submitTime="34075" estRunTime="1247" cores="1" memory="800" disk="500" />
	<job id="197" type="instant" submitTime="34805" estRunTime="7" cores="1" memory="600" disk="500" />
	<job id="198" type="medium" submitTime="35361" estRunTime="545" cores="1" memory="1000" disk="500" />
	<job id="199" type="short" submitTime="36075" estRunTime="76" cores="1" memory="600" disk="1900" />
	<job id="200" type="long" submitTime="36279" estRunTime="22742" cores="8" memory="8200" disk="3000" />
	<job id="201" type="short" submitTime="36656" estRunTime="364" cores="1" memory="300" disk="200" />
	<job id="202" type="instant" submitTime="36820" estRunTime="5" cores="1" memory="900" disk="1700" />
	<job id="203" type="instant" submitTime="37177" estRunTime="1" cores="1" memory="100" disk="1300" />
	<job id="204" type="instant" submitTime="37724" estRunTime="8" cores="1" memory="700" disk="300" />
	<job id="205" type="short" submitTime="37888" estRunTime="45" cores="2" memory="700" disk="3200" />
	<job id="206" type="short" submitTime="38541" estRunTime="28" cores="2" memory="600" disk="3600" />
	<job id="207" type="instant" submitTime="38668" estRunTime="1" cores="1" memory="400" disk="200" />
	<job id="208" type="short" submitTime="39426" estRunTime="37" cores="1" memory="1000" disk="1900" />
	<job id="209" type="medium" submitTime="39896" estRunTime="290" cores="4" memory="3600" disk="5700" />
	<job id="210" type="short" submitTime="40205" estRunTime="79" cores="1" memory="500" disk="1900" />
	<job id="211" type="short" submitTime="40545" estRunTime="69" cores="1" memory="1000" disk="1000" />
	<job id="212" type="instant" submitTime="40714" estRunTime="10" cores="1" memory="800" disk="800" />
	<job id="213" type="instant" submitTime="41199" estRunTime="3" cores="1" memory="400" disk="1600" />
	<job id="214" type="short" submitTime="41940" estRunTime="245" cores="1" memory="500" disk="1500" />
	<job id="215" type="short" submitTime="42617" estRunTime="371" cores="1" memory="100" disk="100" />
	<job id="216" type="short" submitTime="42816" estRunTime="54" cores="1" memory="1000" disk="1700" />
	<job id="217" type="short" submitTime="43468" estRunTime="20" cores="2" memory="1900" disk="300" />
	<job id="218" type="instant" submitTime="43782" estRunTime="2" cores="1" memory="600" disk="200" />
	<job id="219" type="instant" submitTime="43811" estRunTime="2" cores="1" memory="700" disk="1900" />
	<job id="220" type="instant" submitTime="43812" estRunTime="3" cores="1" memory="700" disk="1800" />
	<job id="221" type="instant" submitTime="43834" estRunTime="1" cores="1" memory="900" disk="800" />
	<job id="222" type="short" submitTime="44339" estRunTime="129" cores="1" memory="400" disk="200" />
	<job id="223" type="short" submitTime="44640" estRunTime="18" cores="2" memory="1700" disk="1200" />
	<job id="224" type="instant" submitTime="44676" estRunTime="4" cores="2" memory="900" disk="2900" />
	<job id="225" type="instant" submitTime="45388" estRunTime="11" cores="1" memory="400" disk="1300" />
	<job id="226" type="instant" submitTime="45691" estRunTime="3" cores="2" memory="1800" disk="500" />
	<job id="227" type="short" submitTime="46416" estRunTime="45" cores="1" memory="800" disk="1600" />
	<job id="228" type="short" submitTime="47290" estRunTime="80" cores="2" memory="1500" disk="2900" />
	<job id="229" type="instant" submitTime="48113" estRunTime="9" cores="1" memory="700" disk="1500" />
	<job id="230" type="short" submitTime="48508" estRunTime="126" cores="1" memory="600" disk="1500" />
	<job id="231" type="long" submitTime="48586" estRunTime="11922" cores="8" memory="1700" disk="3200" />
	<job id="232" type="instant" submitTime="48756" estRunTime="2" cores="2" memory="500" disk="200" />
	<job id="233" type="instant" submitTime="49116" estRunTime="1" cores="1" memory="300" disk="600" />
	<job id="234" type="short" submitTime="49786" estRunTime="30" cores="1" memory="300" disk="1600" />
	<job id="235" type="medium" submitTime="49813" estRunTime="450" cores="1" memory="600" disk="300" />
	<job id="236" type="short" submitTime="50375" estRunTime="74" cores="1" memory="800" disk="1900" />
	<job id="237" type="instant" submitTime="50791" estRunTime="2" cores="1" memory="400" disk="400" />
	<job id="238" type="short" submitTime="50927" estRunTime="15" cores="1" memory="900" disk="1000" />
	<job id="239" type="short" submitTime="51046" estRunTime="44" cores="1" memory="200" disk="100" />
	<job id="240" type="short" submitTime="51398" estRunTime="109" cores="1" memory="200" disk="700" />
	<job id="241" type="short" submitTime="52135" estRunTime="232" cores="1" memory="700" disk="1100" />
	<job id="242" type="instant" submitTime="52180" estRunTime="5" cores="1" memory="500" disk="1800" />
	<job id="243" type="instant" submitTime="52628" estRunTime="2" cores="1" memory="100" disk="300" />
	<job id="244" type="short" submitTime="53245" estRunTime="13" cores="1" memory="200" disk="100" />
	<job id="245" type="short" submitTime="53453" estRunTime="368" cores="1" memory="600" disk="1500" />
	<job id="246" type="instant" submitTime="54479" estRunTime="7" cores="1" memory="700" disk="800" />
	<job id="247" type="short" submitTime="54757" estRunTime="288" cores="1" memory="600" disk="200" />
	<job id="248" type="medium" submitTime="54813" estRunTime="1207" cores="5" memory="5000" disk="4200" />
	<job id="249" type="long" submitTime="55400" estRunTime="22398" cores="1" memory="400" disk="500" />
	<job id="250" type="instant" submitTime="55571" estRunTime="5" cores="2" memory="300" disk="2600" />
	<job id="251" type="instant" submitTime="55859" estRunTime="3" cores="1" memory="600" disk="1000" />
	<job id="252" type="instant" submitTime="56317" estRunTime="1" cores="2" memory="1000" disk="3900" />
	<job id="253" type="instant" submitTime="56879" estRunTime="7" cores="1" memory="1000" disk="1000" />
	<job id="254" type="short" submitTime="57200" estRunTime="326" cores="2" memory="2100" disk="3500" />
	<job id="255" type="short" submitTime="57301" estRunTime="443" cores="2" memory="800" disk="1300" />
	<job id="256" type="short" submitTime="57900" estRunTime="328" cores="1" memory="800" disk="1000" />
	<job id="257" type="instant" submitTime="58361" estRunTime="2" cores="1" memory="200" disk="1700" />
	<job id="258" type="instant" submitTime="58615" estRunTime="1" cores="1" memory="800" disk="900" />
	<job id="259" type="instant" submitTime="58824" estRunTime="4" cores="1" memory="800" disk="1600" />
	<job id="260" type="long" submitTime="58916" estRunTime="7623" cores="1" memory="700" disk="1300" />
	<job id="261" type="instant" submitTime="59636" estRunTime="11" cores="1" memory="700" disk="1500" />
	<job id="262" type="instant" submitTime="60120" estRunTime="15" cores="1" memory="1000" disk="1700" />
	<job id="263" type="medium" submitTime="60351" estRunTime="1393" cores="2" memory="1800" disk="2800" />
	<job id="264" type="short" submitTime="60811" estRunTime="113" cores="2" memory="600" disk="2700" />
	<job id="265" type="short" submitTime="60864" estRunTime="1" cores="1" memory="900" disk="1900" />
	<job id="266" type="instant" submitTime="61890" estRunTime="6" cores="1" memory="700" disk="1600" />
	<job id="267" type="instant" submitTime="62047" estRunTime="6" cores="1" memory="900" disk="500" />
	<job id="268" type="medium" submitTime="62725" estRunTime="3018" cores="1" memory="800" disk="1100" />
	<job id="269" type="medium" submitTime="63841" estRunTime="1065" cores="5" memory="1900" disk="2200" />
	<job id="270" type="instant" submitTime="64615" estRunTime="4" cores="1" memory="700" disk="900" />
	<job id="271" type="medium" submitTime="64951" estRunTime="1432" cores="2" memory="1300" disk="2400" />
	<job id="272" type="medium" submitTime="65368" estRunTime="2033" cores="1" memory="400" disk="1900" />
	<job id="273" type="medium" submitTime="65642" estRunTime="2045" cores="1" memory="200" disk="1600" />
	<job id="274" type="short" submitTime="66501" estRunTime="72" cores="2" memory="600" disk="2300" />
	<job id="275" type="instant" submitTime="66704" estRunTime="1" cores="1" memory="800" disk="1300" />
	<job id="276" type="short" submitTime="66718" estRunTime="85" cores="1" memory="100" disk="800" />
	<job id="277" type="instant" submitTime="67676" estRunTime="7" cores="1" memory="200" disk="300" />
	<job id="278" type="instant" submitTime="68082" estRunTime="12" cores="1" memory="500" disk="300" />
	<job id="279" type="instant" submitTime="68756" estRunTime="2" cores="1" memory="300" disk="1000" />
	<job id="280" type="medium" submitTime="69749" estRunTime="290" cores="1" memory="700" disk="600" />
	<job id="281" type="medium" submitTime="69896" estRunTime="138" cores="1" memory="100" disk="600" />
	<job id="282" type="instant" submitTime="70058" estRunTime="9" cores="2" memory="900" disk="800" />
	<job id="283" type="medium" submitTime="70712" estRunTime="824" cores="5" memory="4200" disk="800" />
	<job id="284" type="medium" submitTime="71175" estRunTime="1052" cores="1" memory="1000" disk="200" />
	<job id="285" type="short" submitTime="71743" estRunTime="10" cores="1" memory="700" disk="800" />
	<job id="286" type="instant" submitTime="72426" estRunTime="5" cores="1" memory="400" disk="2000" />
	<job id="287" type="instant" submitTime="73239" estRunTime="11" cores="1" memory="100" disk="100" />
	<job id="288" type="short" submitTime="73541" estRunTime="115" cores="2" memory="400" disk="1800" />
	<job id="289" type="medium" submitTime="74123" estRunTime="1146" cores="3" memory="1100" disk="700" />
	<job id="290" type="short" submitTime="74849" estRunTime="90" cores="1" memory="600" disk="800" />
	<job id="291" type="medium" submitTime="75419" estRunTime="1109" cores="1" memory="300" disk="1400" />
	<job id="292" type="medium" submitTime="76109" estRunTime="269" cores="2" memory="2100" disk="3600" />
	<job id="293" type="medium" submitTime="76523" estRunTime="851" cores="1" memory="600" disk="1600" />
	<job id="294" type="instant" submitTime="77616" estRunTime="1" cores="1" memory="800" disk="1200" />
	<job id="295" type="instant" submitTime="77856" estRunTime="3" cores="1" memory="200" disk="1400" />
	<job id="296" type="short" submitTime="78675" estRunTime="329" cores="1" memory="1000" disk="1400" />
	<job id="297" type="instant" submitTime="79763" estRunTime="11" cores="1" memory="100" disk="300" />
	<job id="298" type="instant" submitTime="80746" estRunTime="1" cores="1" memory="100" disk="1700" />
	<job id="299" type="short" submitTime="80943" estRunTime="189" cores="1" memory="600" disk="500" />
	<job id="300" type="short" submitTime="81391" estRunTime="117" cores="1" memory="700" disk="900" />
	<job id="301" type="instant" submitTime="82539" estRunTime="9" cores="1" memory="800" disk="1100" />
	<job id="302" type="instant" submitTime="82643" estRunTime="4" cores="1" memory="500" disk="1900" />
	<job id="303" type="medium" submitTime="83820" estRunTime="1233" cores="2" memory="1900" disk="4100" />
	<job id="304" type="instant" submitTime="84277" estRunTime="3" cores="1" memory="400" disk="600" />
	<job id="305" type="short" submitTime="85215" estRunTime="1" cores="2" memory="800" disk="4000" />
	<job id="306" type="medium" submitTime="85951" estRunTime="1064" cores="1" memory="300" disk="300" />
	<job id="307" type="long" submitTime="86336" estRunTime="156035" cores="8" memory="7400" disk="1300" />
	<job id="308" type="medium" submitTime="87328" estRunTime="1844" cores="2" memory="2100" disk="3000" />
	<job id="309" type="short" submitTime="87505" estRunTime="11" cores="1" memory="700" disk="1800" />
	<job id="310" type="instant" submitTime="87742" estRunTime="1" cores="1" memory="200" disk="1500" />
	<job id="311" type="medium" submitTime="88504" estRunTime="261" cores="3" memory="1700" disk="3600" />
	<job id="312" type="short" submitTime="89662" estRunTime="108" cores="1" memory="600" disk="1500" />
	<job id="313" type="instant" submitTime="90784" estRunTime="1" cores="2" memory="2100" disk="3000" />
	<job id="314" type="instant" submitTime="91781" estRunTime="14" cores="1" memory="300" disk="400" />
	<job id="315" type="instant" submitTime="92644" estRunTime="4" cores="2" memory="1300" disk="2700" />
	<job id="316" type="instant" submitTime="93352" estRunTime="2" cores="2" memory="800" disk="2600" />
	<job id="317" type="instant" submitTime="93888" estRunTime="6" cores="1" memory="400" disk="2000" />
	<job id="318" type="short" submitTime="94376" estRunTime="286" cores="1" memory="600" disk="1300" />
	<job id="319" type="instant" submitTime="95098" estRunTime="9" cores="2" memory="1400" disk="3900" />
	<job id="320" type="instant" submitTime="95481" estRunTime="6" cores="1" memory="100" disk="100" />
	<job id="321" type="medium" submitTime="96012" estRunTime="574" cores="1" memory="800" disk="1800" />
	<job id="322" type="short" submitTime="96664" estRunTime="44" cores="2" memory="600" disk="3800" />
	<job id="323" type="long" submitTime="97635" estRunTime="58406" cores="8" memory="5400" disk="4000" />
	<job id="324" type="instant" submitTime="98390" estRunTime="6" cores="2" memory="2100" disk="4000" />
	<job id="325" type="medium" submitTime="98391" estRunTime="1240" cores="1" memory="900" disk="1400" />
	<job id="326" type="instant" submitTime="99321" estRunTime="14" cores="1" memory="200" disk="1400" />
	<job id="327" type="medium" submitTime="99963" estRunTime="2775" cores="4" memory="3000" disk="1600" />
	<job id="328" type="instant" submitTime="100964" estRunTime="2" cores="1" memory="500" disk="1000" />
	<job id="329" type="medium" submitTime="102320" estRunTime="967" cores="1" memory="500" disk="1800" />
	<job id="330" type="medium" submitTime="103216" estRunTime="1463" cores="1" memory="400" disk="1800" />
	<job id="331" type="long" submitTime="104210" estRunTime="30627" cores="8" memory="1700" disk="6600" />
	<job id="332" type="instant" submitTime="105302" estRunTime="5" cores="1" memory="300" disk="400" />
	<job id="333" type="long" submitTime="106531" estRunTime="28089" cores="8" memory="5700" disk="10300" />
	<job id="334" type="short" submitTime="106867" estRunTime="285" cores="1" memory="900" disk="1300" />
	<job id="335" type="long" submitTime="107453" estRunTime="34669" cores="8" memory="1500" disk="11300" />
	<job id="336" type="instant" submitTime="108179" estRunTime="8" cores="2" memory="1400" disk="1900" />
	<job id="337" type="short" submitTime="108541" estRunTime="23" cores="1" memory="100" disk="1900" />
	<job id="338" type="medium" submitTime="109882" estRunTime="2208" cores="2" memory="1400" disk="2800" />
	<job id="339" type="short" submitTime="110586" estRunTime="207" cores="1" memory="500" disk="100" />
	<job id="340" type="instant" submitTime="110692" estRunTime="1" cores="2" memory="1900" disk="3900" />
	<job id="341" type="short" submitTime="111798" estRunTime="10" cores="1" memory="900" disk="1900" />
	<job id="342" type="instant" submitTime="112053" estRunTime="5" cores="2" memory="1500" disk="500" />
	<job id="343" type="instant" submitTime="112379" estRunTime="2" cores="1" memory="900" disk="1000" />
	<job id="344" type="short" submitTime="113212" estRunTime="40" cores="2" memory="1400" disk="2300" />
	<job id="345" type="instant" submitTime="114417" estRunTime="4" cores="1" memory="700" disk="800" />
	<job id="346" type="instant" submitTime="115684" estRunTime="7" cores="1" memory="500" disk="500" />
	<job id="347" type="short" submitTime="116695" estRunTime="13" cores="1" memory="200" disk="300" />
	<job id="348" type="short" submitTime="118149" estRunTime="228" cores="2" memory="200" disk="900" />
	<job id="349" type="medium" submitTime="118702" estRunTime="895" cores="1" memory="700" disk="900" />
	<job id="350" type="instant" submitTime="119562" estRunTime="2" cores="1" memory="900" disk="1900" />
	<job id="351" type="medium" submitTime="119685" estRunTime="669" cores="1" memory="500" disk="300" />
	<job id="352" type="medium" submitTime="120560" estRunTime="2884" cores="2" memory="1900" disk="300" />
	<job id="353" type="short" submitTime="121454" estRunTime="91" cores="1" memory="1000" disk="1200" />
	<job id="354" type="instant" submitTime="121462" estRunTime="11" cores="1" memory="1000" disk="600" />
	<job id="355" type="medium" submitTime="122121" estRunTime="661" cores="1" memory="900" disk="2000" />
	<job id="356" type="short" submitTime="122445" estRunTime="33" cores="1" memory="800" disk="700" />
	<job id="357" type="medium" submitTime="123326" estRunTime="94" cores="2" memory="1300" disk="3500" />
	<job id="358" type="short" submitTime="124086" estRunTime="8" cores="1" memory="400" disk="1900" />
	<job id="359" type="medium" submitTime="124858" estRunTime="1306" cores="1" memory="500" disk="1600" />
	<job id="360" type="instant" submitTime="124876" estRunTime="4" cores="1" memory="700" disk="100" />
	<job id="361" type="instant" submitTime="125856" estRunTime="16" cores="1" memory="700" disk="100" />
	<job id="362" type="instant" submitTime="126815" estRunTime="1" cores="2" memory="1900" disk="1500" />
	<job id="363" type="instant" submitTime="127453" estRunTime="2" cores="2" memory="700" disk="3400" />
	<job id="364" type="instant" submitTime="128614" estRunTime="1" cores="1" memory="300" disk="100" />
	<job id="365" type="medium" submitTime="129010" estRunTime="1110" cores="1" memory="600" disk="800" />
	<job id="366" type="medium" submitTime="130516" estRunTime="897" cores="2" memory="500" disk="1500" />
	<job id="367" type="short" submitTime="130766" estRunTime="188" cores="1" memory="600" disk="1100" />
	<job id="368" type="instant" submitTime="132001" estRunTime="10" cores="1" memory="800" disk="1600" />
	<job id="369" type="short" submitTime="132831" estRunTime="276" cores="1" memory="1000" disk="500" />
	<job id="370" type="instant" submitTime="134276" estRunTime="4" cores="1" memory="300" disk="1200" />
	<job id="371" type="instant" submitTime="134745" estRunTime="4" cores="1" memory="800" disk="1400" />
	<job id="372" type="long" submitTime="135986" estRunTime="7303" cores="7" memory="6300" disk="13300" />
	<job id="373" type="short" submitTime="137406" estRunTime="188" cores="1" memory="100" disk="1500" />
	<job id="374" type="short" submitTime="137930" estRunTime="122" cores="1" memory="600" disk="1400" />
	<job id="375" type="instant" submitTime="138037" estRunTime="2" cores="1" memory="200" disk="700" />
	<job id="376" type="medium" submitTime="139395" estRunTime="602" cores="1" memory="100" disk="1800" />
	<job id="377" type="instant" submitTime="140920" estRunTime="10" cores="2" memory="1900" disk="3000" />
	<job id="378" type="long" submitTime="141849" estRunTime="48124" cores="8" memory="1800" disk="2400" />
	<job id="379" type="instant" submitTime="142443" estRunTime="7" cores="1" memory="200" disk="700" />
	<job id="380" type="long" submitTime="144024" estRunTime="19385" cores="8" memory="7300" disk="1800" />
	<job id="381" type="short" submitTime="145603" estRunTime="450" cores="2" memory="2000" disk="2300" />
	<job id="382" type="short" submitTime="147128" estRunTime="150" cores="2" memory="700" disk="1900" />
	<job id="383" type="long" submitTime="148665" estRunTime="81218" cores="8" memory="7100" disk="1000" />
	<job id="384" type="medium" submitTime="149593" estRunTime="2065" cores="5" memory="2500" disk="6300" />
	<job id="385" type="instant" submitTime="150929" estRunTime="5" cores="1" memory="400" disk="1900" />
	<job id="386" type="short" submitTime="151698" estRunTime="233" cores="1" memory="500" disk="800" />
	<job id="387" type="instant" submitTime="153037" estRunTime="2" cores="1" memory="600" disk="1100" />
	<job id="388" type="instant" submitTime="154614" estRunTime="10" cores="1" memory="400" disk="1000" />
	<job id="389" type="instant" submitTime="154816" estRunTime="1" cores="1" memory="500" disk="1800" />
	<job id="390" type="long" submitTime="156407" estRunTime="83325" cores="1" memory="300" disk="1800" />
	<job id="391" type="instant" submitTime="156805" estRunTime="3" cores="1" memory="200" disk="1700" />
	<job id="392" type="instant" submitTime="157894" estRunTime="3" cores="1" memory="800" disk="1300" />
	<job id="393" type="instant" submitTime="159098" estRunTime="4" cores="1" memory="900" disk="1800" />
	<job id="394" type="instant" submitTime="159941" estRunTime="5" cores="1" memory="1000" disk="1800" />
	<job id="395" type="instant" submitTime="161541" estRunTime="2" cores="1" memory="900" disk="300" />
	<job id="396" type="long" submitTime="162361" estRunTime="62046" cores="8" memory="6800" disk="4100" />
	<job id="397" type="instant" submitTime="162917" estRunTime="3" cores="1" memory="300" disk="1100" />
	<job id="398" type="medium" submitTime="163108" estRunTime="2574" cores="3" memory="3000" disk="4200" />
	<job id="399" type="instant" submitTime="164524" estRunTime="3" cores="2" memory="800" disk="400" />
	<job id="400" type="short" submitTime="164934" estRunTime="24" cores="2" memory="1300" disk="2700" />
	<job id="401" type="instant" submitTime="165837" estRunTime="1" cores="1" memory="800" disk="1500" />
	<job id="402" type="medium" submitTime="167563" estRunTime="515" cores="2" memory="1000" disk="1400" />
	<job id="403" type="short" submitTime="168828" estRunTime="4" cores="1" memory="100" disk="300" />
	<job id="404" type="instant" submitTime="170284" estRunTime="14" cores="2" memory="1600" disk="2400" />
	<job id="405" type="instant" submitTime="170976" estRunTime="5" cores="1" memory="200" disk="100" />
	<job id="406" type="instant" submitTime="171651" estRunTime="6" cores="1" memory="900" disk="400" />
	<job id="407" type="medium" submitTime="173317" estRunTime="915" cores="1" memory="700" disk="1900" />
	<job id="408" type="short" submitTime="173533" estRunTime="188" cores="2" memory="400" disk="1100" />
	<job id="409" type="short" submitTime="174566" estRunTime="51" cores="1" memory="300" disk="1800" />
	<job id="410" type="short" submitTime="175754" estRunTime="203" cores="1" memory="900" disk="1500" />
	<job id="411" type="short" submitTime="175869" estRunTime="7" cores="2" memory="400" disk="1400" />
	<job id="412" type="instant" submitTime="176410" estRunTime="1" cores="1" memory="100" disk="900" />
	<job id="413" type="short" submitTime="177296" estRunTime="72" cores="1" memory="700" disk="900" />
	<job id="414" type="instant" submitTime="178823" estRunTime="1" cores="2" memory="900" disk="2200" />
	<job id="415" type="short" submitTime="180051" estRunTime="92" cores="2" memory="200" disk="800" />
	<job id="416" type="medium" submitTime="180378" estRunTime="477" cores="2" memory="400" disk="3600" />
	<job id="417" type="instant" submitTime="181015" estRunTime="2" cores="1" memory="1000" disk="1600" />
	<job id="418" type="instant" submitTime="182791" estRunTime="2" cores="1" memory="100" disk="600" />
	<job id="419" type="instant" submitTime="183296" estRunTime="6" cores="2" memory="900" disk="2600" />
	<job id="420" type="short" submitTime="183332" estRunTime="133" cores="1" memory="500" disk="500" />
	<job id="421" type="instant" submitTime="184170" estRunTime="3" cores="2" memory="300" disk="1800" />
	<job id="422" type="instant" submitTime="184382" estRunTime="6" cores="1" memory="800" disk="1000" />
	<job id="423" type="short" submitTime="184388" estRunTime="57" cores="1" memory="1000" disk="300" />
	<job id="424" type="long" submitTime="186204" estRunTime="19616" cores="8" memory="2900" disk="12700" />
	<job id="425" type="short" submitTime="188098" estRunTime="512" cores="2" memory="500" disk="1800" />
	<job id="426" type="instant" submitTime="189313" estRunTime="14" cores="2" memory="1300" disk="3400" />
	<job id="427" type="long" submitTime="189351" estRunTime="14924" cores="2" memory="1800" disk="1600" />
	<job id="428" type="instant" submitTime="189498" estRunTime="8" cores="1" memory="100" disk="100" />
	<job id="429" type="instant" submitTime="189961" estRunTime="2" cores="1" memory="100" disk="1000" />
	<job id="430" type="instant" submitTime="191545" estRunTime="5" cores="1" memory="100" disk="1500" />
	<job id="431" type="instant" submitTime="192814" estRunTime="3" cores="1" memory="800" disk="500" />
	<job id="432" type="medium" submitTime="194621" estRunTime="2373" cores="3" memory="1100" disk="3300" />
	<job id="433" type="long" submitTime="196362" estRunTime="8657" cores="8" memory="1100" disk="9700" />
	<job id="434" type="medium" submitTime="197500" estRunTime="1084" cores="1" memory="100" disk="900" />
	<job id="435" type="instant" submitTime="198168" estRunTime="8" cores="1" memory="400" disk="1000" />
	<job id="436" type="instant" submitTime="198195" estRunTime="5" cores="1" memory="700" disk="1000" />
	<job id="437" type="long" submitTime="198801" estRunTime="38948" cores="1" memory="600" disk="900" />
	<job id="438" type="instant" submitTime="199734" estRunTime="1" cores="2" memory="1300" disk="1700" />
	<job id="439" type="short" submitTime="200120" estRunTime="13" cores="1" memory="500" disk="1800" />
	<job id="440" type="instant" submitTime="201700" estRunTime="3" cores="1" memory="1000" disk="300" />
	<job id="441" type="short" submitTime="202737" estRunTime="72" cores="1" memory="700" disk="1100" />
	<job id="442" type="short" submitTime="203572" estRunTime="230" cores="2" memory="1100" disk="200" />
	<job id="443" type="short" submitTime="204704" estRunTime="186" cores="1" memory="400" disk="300" />
	<job id="444" type="long" submitTime="206039" estRunTime="20162" cores="6" memory="6300" disk="10500" />
	<job id="445" type="long" submitTime="207963" estRunTime="10097" cores="1" memory="400" disk="700" />
	<job id="446" type="medium" submitTime="208549" estRunTime="570" cores="2" memory="1000" disk="800" />
	<job id="447" type="long" submitTime="210245" estRunTime="103502" cores="8" memory="7800" disk="8300" />
	<job id="448" type="short" submitTime="211331" estRunTime="63" cores="1" memory="1000" disk="2000" />
	<job id="449" type="medium" submitTime="213008" estRunTime="1899" cores="1" memory="100" disk="100" />
	<job id="450" type="instant" submitTime="213201" estRunTime="1" cores="1" memory="300" disk="400" />
	<job id="451" type="instant" submitTime="214883" estRunTime="5" cores="1" memory="100" disk="700" />
	<job id="452" type="long" submitTime="216220" estRunTime="13806" cores="1" memory="200" disk="1300" />
	<job id="453" type="medium" submitTime="218216" estRunTime="349" cores="1" memory="800" disk="1900" />
	<job id="454" type="instant" submitTime="218961" estRunTime="4" cores="1" memory="200" disk="1300" />
	<job id="455" type="short" submitTime="220649" estRunTime="34" cores="2" memory="1400" disk="1800" />
	<job id="456" type="instant" submitTime="221151" estRunTime="1" cores="2" memory="800" disk="3700" />
	<job id="457" type="short" submitTime="221439" estRunTime="69" cores="1" memory="200" disk="1900" />
	<job id="458" type="instant" submitTime="222885" estRunTime="1" cores="1" memory="400" disk="800" />
	<job id="459" type="short" submitTime="224200" estRunTime="186" cores="1" memory="800" disk="700" />
	<job id="460" type="short" submitTime="224378" estRunTime="219" cores="1" memory="700" disk="1100" />
	<job id="461" type="medium" submitTime="225492" estRunTime="2445" cores="1" memory="600" disk="800" />
	<job id="462" type="short" submitTime="226416" estRunTime="364" cores="5" memory="4200" disk="4200" />
	<job id="463" type="instant" submitTime="226560" estRunTime="10" cores="1" memory="600" disk="2000" />
	<job id="464" type="medium" submitTime="228590" estRunTime="13" cores="1" memory="900" disk="2000" />
	<job id="465" type="short" submitTime="229921" estRunTime="186" cores="2" memory="700" disk="300" />
	<job id="466" type="short" submitTime="229932" estRunTime="114" cores="1" memory="600" disk="700" />
	<job id="467" type="instant" submitTime="231939" estRunTime="1" cores="2" memory="200" disk="3500" />
	<job id="468" type="short" submitTime="232979" estRunTime="18" cores="2" memory="800" disk="600" />
	<job id="469" type="instant" submitTime="234314" estRunTime="4" cores="1" memory="400" disk="1900" />
	<job id="470" type="short" submitTime="234739" estRunTime="461" cores="1" memory="400" disk="2000" />
	<job id="471" type="short" submitTime="236621" estRunTime="71" cores="1" memory="400" disk="1200" />
	<job id="472" type="instant" submitTime="238287" estRunTime="3" cores="1" memory="1000" disk="1100" />
	<job id="473" type="short" submitTime="239800" estRunTime="128" cores="2" memory="1600" disk="1800" />
	<job id="474" type="long" submitTime="239911" estRunTime="76477" cores="8" memory="7100" disk="16100" />
	<job id="475" type="medium" submitTime="240216" estRunTime="79" cores="1" memory="100" disk="900" />
	<job id="476" type="short" submitTime="240972" estRunTime="215" cores="1" memory="800" disk="300" />
	<job id="477" type="medium" submitTime="242817" estRunTime="1561" cores="2" memory="1000" disk="700" />
	<job id="478" type="long" submitTime="244931" estRunTime="65224" cores="1" memory="100" disk="1400" />
	<job id="479" type="short" submitTime="245019" estRunTime="214" cores="1" memory="200" disk="200" />
	<job id="480" type="medium" submitTime="246133" estRunTime="2608" cores="1" memory="600" disk="100" />
	<job id="481" type="medium" submitTime="248011" estRunTime="482" cores="1" memory="600" disk="100" />
	<job id="482" type="short" submitTime="249483" estRunTime="25" cores="1" memory="900" disk="700" />
	<job id="483" type="short" submitTime="249838" estRunTime="237" cores="1" memory="900" disk="1300" />
	<job id="484" type="short" submitTime="251132" estRunTime="171" cores="1" memory="1000" disk="1100" />
	<job id="485" type="long" submitTime="252158" estRunTime="96645" cores="8" memory="5100" disk="12600" />
	<job id="486" type="instant" submitTime="252359" estRunTime="2" cores="1" memory="600" disk="600" />
	<job id="487" type="medium" submitTime="252361" estRunTime="727" cores="1" memory="800" disk="1800" />
	<job id="488" type="instant" submitTime="254182" estRunTime="9" cores="1" memory="500" disk="1400" />
	<job id="489" type="instant" submitTime="255730" estRunTime="2" cores="1" memory="600" disk="2000" />
	<job id="490" type="short" submitTime="257415" estRunTime="292" cores="2" memory="800" disk="2600" />
	<job id="491" type="instant" submitTime="259521" estRunTime="4" cores="1" memory="900" disk="1000" />
	<job id="492" type="medium" submitTime="260235" estRunTime="1041" cores="2" memory="1900" disk="500" />
	<job id="493" type="instant" submitTime="262399" estRunTime="6" cores="1" memory="500" disk="1000" />
	<job id="494" type="instant" submitTime="263982" estRunTime="6" cores="1" memory="700" disk="700" />
	<job id="495" type="short" submitTime="265598" estRunTime="8" cores="1" memory="700" disk="600" />
	<job id="496" type="medium" submitTime="267481" estRunTime="1206" cores="5" memory="3000" disk="7000" />
	<job id="497" type="short" submitTime="269161" estRunTime="230" cores="2" memory="200" disk="3000" />
	<job id="498" type="instant" submitTime="271285" estRunTime="5" cores="1" memory="300" disk="600" />
	<job id="499" type="short" submitTime="272804" estRunTime="44" cores="1" memory="800" disk="100" />
</jobs>
