<?xml version="1.0" encoding="UTF-8"?>
<!-- job list for ds-sim@MQ, 6-Mar, 2020 @ MQ -->
<jobs>
	<type name="instant" minRunTime="1" maxRunTime="10" populationRate="40" />
	<type name="short" minRunTime="11" maxRunTime="300" populationRate="30" />
	<type name="medium" minRunTime="301" maxRunTime="1800" populationRate="20" />
	<type name="long" minRunTime="1801" maxRunTime="100000" populationRate="10" />
	<job id="0" type="medium" submitTime="24" estRunTime="1566" cores="1" memory="200" disk="1200" />
	<job id="1" type="short" submitTime="77" estRunTime="83" cores="1" memory="600" disk="700" />
	<job id="2" type="instant" submitTime="80" estRunTime="5" cores="3" memory="1900" disk="2400" />
	<job id="3" type="medium" submitTime="84" estRunTime="832" cores="2" memory="2100" disk="1300" />
	<job id="4" type="medium" submitTime="124" estRunTime="2318" cores="4" memory="4300" disk="2300" />
	<job id="5" type="instant" submitTime="148" estRunTime="6" cores="4" memory="4100" disk="6500" />
	<job id="6" type="short" submitTime="161" estRunTime="76" cores="6" memory="5800" disk="11500" />
	<job id="7" type="medium" submitTime="186" estRunTime="25" cores="8" memory="1900" disk="11700" />
	<job id="8" type="long" submitTime="195" estRunTime="161754" cores="5" memory="5300" disk="4800" />
	<job id="9" type="medium" submitTime="209" estRunTime="477" cores="1" memory="100" disk="800" />
	<job id="10" type="short" submitTime="214" estRunTime="144" cores="7" memory="7300" disk="9300" />
	<job id="11" type="instant" submitTime="217" estRunTime="5" cores="2" memory="1700" disk="2200" />
	<job id="12" type="short" submitTime="226" estRunTime="13" cores="5" memory="500" disk="8300" />
	<job id="13" type="instant" submitTime="227" estRunTime="1" cores="6" memory="3400" disk="9200" />
	<job id="14" type="instant" submitTime="229" estRunTime="3" cores="1" memory="400" disk="2000" />
	<job id="15" type="instant" submitTime="233" estRunTime="3" cores="5" memory="2800" disk="6600" />
	<job id="16" type="medium" submitTime="236" estRunTime="368" cores="4" memory="1800" disk="1700" />
	<job id="17" type="long" submitTime="240" estRunTime="36028" cores="2" memory="1900" disk="3100" />
	<job id="18" type="short" submitTime="242" estRunTime="298" cores="7" memory="4400" disk="14400" />
	<job id="19" type="short" submitTime="245" estRunTime="17" cores="2" memory="1600" disk="2500" />
	<job id="20" type="short" submitTime="253" estRunTime="68" cores="2" memory="1600" disk="3200" />
	<job id="21" type="short" submitTime="256" estRunTime="55" cores="8" memory="8700" disk="14000" />
	<job id="22" type="short" submitTime="260" estRunTime="99" cores="7" memory="7500" disk="4400" />
	<job id="23" type="instant" submitTime="263" estRunTime="8" cores="2" memory="1500" disk="1300" />
	<job id="24" type="short" submitTime="266" estRunTime="359" cores="4" memory="2300" disk="600" />
	<job id="25" type="long" submitTime="267" estRunTime="78302" cores="7" memory="7100" disk="5900" />
	<job id="26" type="short" submitTime="272" estRunTime="142" cores="3" memory="2600" disk="6000" />
	<job id="27" type="long" submitTime="275" estRunTime="17858" cores="3" memory="2600" disk="5500" />
	<job id="28" type="long" submitTime="279" estRunTime="13543" cores="4" memory="2400" disk="8200" />
	<job id="29" type="short" submitTime="281" estRunTime="165" cores="7" memory="6900" disk="2000" />
	<job id="30" type="long" submitTime="286" estRunTime="99705" cores="8" memory="5900" disk="5000" />
	<job id="31" type="instant" submitTime="290" estRunTime="6" cores="2" memory="1400" disk="2600" />
	<job id="32" type="medium" submitTime="297" estRunTime="856" cores="2" memory="1700" disk="400" />
	<job id="33" type="long" submitTime="309" estRunTime="68823" cores="1" memory="100" disk="200" />
	<job id="34" type="instant" submitTime="321" estRunTime="1" cores="1" memory="600" disk="1300" />
	<job id="35" type="instant" submitTime="346" estRunTime="3" cores="1" memory="700" disk="1300" />
	<job id="36" type="medium" submitTime="357" estRunTime="1909" cores="3" memory="800" disk="6000" />
	<job id="37" type="short" submitTime="382" estRunTime="84" cores="1" memory="100" disk="1700" />
	<job id="38" type="instant" submitTime="393" estRunTime="15" cores="1" memory="1000" disk="1700" />
	<job id="39" type="short" submitTime="409" estRunTime="223" cores="1" memory="500" disk="800" />
	<job id="40" type="instant" submitTime="449" estRunTime="5" cores="2" memory="300" disk="2900" />
	<job id="41" type="short" submitTime="464" estRunTime="227" cores="6" memory="3700" disk="10900" />
	<job id="42" type="short" submitTime="501" estRunTime="74" cores="1" memory="700" disk="500" />
	<job id="43" type="instant" submitTime="513" estRunTime="2" cores="2" memory="600" disk="3300" />
	<job id="44" type="short" submitTime="553" estRunTime="449" cores="1" memory="500" disk="1600" />
	<job id="45" type="medium" submitTime="576" estRunTime="894" cores="3" memory="800" disk="5200" />
	<job id="46" type="instant" submitTime="627" estRunTime="7" cores="1" memory="700" disk="2000" />
	<job id="47" type="instant" submitTime="641" estRunTime="2" cores="1" memory="700" disk="1600" />
	<job id="48" type="instant" submitTime="690" estRunTime="3" cores="2" memory="1500" disk="900" />
	<job id="49" type="long" submitTime="746" estRunTime="33264" cores="1" memory="500" disk="500" />
</jobs>
